{
  "swagger" : "2.0",
  "info" : {
    "version" : "1.0",
    "title" : "welcome",
    "description" : "welcome service"
  },
  "host" : "localhost:8080",
  "basePath" : "/",
  "schemes" : [ "http" ],
  "paths" : {
    "/welcome" : {
      "post" : {
        "summary" : "postWelcome",
        "description" : "postWelcome",
        "operationId" : "post-welcome",
        "consumes" : [ "application/json" ],
        "produces" : [ "application/json" ],
        "parameters" : [ {
          "name" : "body",
          "in" : "body",
          "description" : "",
          "schema" : {
            "$ref" : "#/definitions/Element"
          },
          "required" : true
        } ],
        "responses" : {
          "200" : {
            "description" : "a string to be returned",
            "schema" : {
              "type" : "string"
            }
          }
        }
      },
      "get" : {
        "summary" : "getWelcome",
        "description" : "getWelcome",
        "operationId" : "get-welcome",
        "consumes" : [ "application/json" ],
        "produces" : [ "application/json" ],
        "parameters" : [ ],
        "responses" : {
          "200" : {
            "description" : "a string to be returned",
            "schema" : {
              "type" : "string"
            }
          }
        }
      }
    }
  },
  "definitions" : {
    "Element" : {
      "type" : "object",
      "required" : [ "name" ],
      "properties" : {
        "name" : {
          "type" : "string"
        }
      }
    }
  }
}